{"4.5": {"1": 6427.357817, "3": 13945.244743000008, "2": 5044.510959000002, "5": 88770.33198499995, "4": 29539.054829, "-8": 0.0}, "1.5": {"1": 114216.96055599992, "3": 52565.10722199998, "2": 76592.74722000002, "5": 13131.417806000001, "4": 31601.58965799999, "-8": 0.0}, "0.25": {"1": 8283.276425999999, "3": 1273.2043600000002, "2": 2837.2691070000005, "5": 109.625648, "4": 958.1617399999999, "-8": 0.0}, "0.5": {"1": 34344.710335, "3": 6002.071469000001, "2": 9966.358451999999, "5": 4651.969432999999, "4": 4231.388733999999, "-8": 0.0}, "4.75": {"1": 0, "3": 0, "2": 0, "5": 1155.297602, "4": 0, "-8": 0.0}, "1": {"1": 72345.84010799996, "3": 18326.876764999994, "2": 39570.28643900002, "5": 5691.434367999998, "4": 8419.142781999999, "-8": 0.0}, "3": {"1": 142735.53515499996, "3": 150364.972051, "2": 166692.18474199992, "5": 167345.43380500015, "4": 140416.86372900003, "-8": 0.0}, "3.5": {"1": 81612.89557200001, "3": 134944.71618800002, "2": 97772.194473, "5": 246037.86173499995, "4": 148167.6036770001, "-8": 0.0}, "4": {"1": 30276.98854, "3": 66617.05332900006, "2": 54437.72821899999, "5": 226824.92999199993, "4": 109878.33633499996, "-8": 0.0}, "2": {"1": 168782.92609600007, "3": 100921.625348, "2": 132744.46081500006, "5": 56730.447972, "4": 95230.122482, "-8": 0.0}, "-9": {"1": 0.0, "3": 474.4275549999999, "2": 263.550116, "5": 3265.0611229999995, "4": 1229.5325599999999, "-8": 0.0}, "-8": {"1": 55492.778719, "3": 37090.67597200002, "2": 44939.05802999998, "5": 45462.62105100004, "4": 43296.05122399999, "-8": 0.0}, "2.5": {"1": 158959.48021800007, "3": 128288.96141700001, "2": 167767.95572000009, "5": 106709.68117900004, "4": 132787.78503999996, "-8": 0.0}}
